<?xml version="1.0" encoding="UTF-8"?>
<records>
  <sighting>
    <time>2016-05-07T13:26:00</time>
    <lat>35.4495097</lat>
    <lng>-97.3967024</lng>
    <shape>sphere</shape>
  </sighting>
  <sighting>
    <time>2016-05-15T21:15:00</time>
    <lat>33.5863905</lat>
    <lng>-79.0120627</lng>
    <shape>sphere</shape>
  </sighting>
  <sighting>
    <time>2016-05-16T00:45:00</time>
    <lat>40.9170435</lat>
    <lng>-72.6620401</lng>
    <shape>fireball</shape>
  </sighting>
  <sighting>
    <time>2016-05-20T00:05:00</time>
    <lat>45.2109843</lat>
    <lng>-123.197585</lng>
    <shape>disk</shape>
  </sighting>
  <sighting>
    <time>2016-06-27T23:00:00</time>
    <lat>42.9889383</lat>
    <lng>-83.7243329</lng>
    <shape>triangle</shape>
  </sighting>
  <sighting>
    <time>2016-08-04T10:15:00</time>
    <lat>47.715147</lat>
    <lng>-116.948065</lng>
    <shape>diamond</shape>
  </sighting>
  <sighting>
    <time>2016-08-09T21:30:00</time>
    <lat>44.9504037</lat>
    <lng>-93.1015025</lng>
    <shape>light</shape>
  </sighting>
  <sighting>
    <time>2016-08-22T22:06:00</time>
    <lat>45.452853</lat>
    <lng>-73.6442547</lng>
    <shape>disk</shape>
  </sighting>
  <sighting>
    <time>2016-09-03T04:15:00</time>
    <lat>35.3600553</lat>
    <lng>-79.7796558</lng>
    <shape>light</shape>
  </sighting>
  <sighting>
    <time>2016-09-12T21:50:00</time>
    <lat>45.5202471</lat>
    <lng>-122.6741948</lng>
    <shape>flash</shape>
  </sighting>
</records>
